source,job_link
internshala,https://internshala.com/internship/detail/mechanical-design-internship-in-hosur-at-titan-company-limited1604496868
internshala,https://internshala.com/internship/detail/subject-matter-expert-mechanical-engineering-work-from-home-job-internship-at-grey-spectra1604984901
internshala,https://internshala.com/internship/detail/apparel-production-internship-in-bangalore-at-jaza-software1604990352
internshala,https://internshala.com/internship/detail/mechanical-engineering-work-from-home-job-internship-at-deltroite-technologies-private-limited1604990016
internshala,https://internshala.com/internship/detail/mechanical-engineering-internship-in-delhi-at-ss-gas-lab-asia1604916816
internshala,https://internshala.com/internship/detail/mechanical-engineering-internship-in-navi-mumbai-at-sparco-spares-corporation1604913596
internshala,https://internshala.com/internship/detail/subject-matter-expert-mechanical-engineering-work-from-home-job-internship-at-dimentics-info-tech-private-limited1604912137
internshala,https://internshala.com/internship/detail/teaching-work-from-home-job-internship-at-qrioctybox1604858978
internshala,https://internshala.com/internship/detail/mechanical-design-engineering-internship-in-multiple-locations-at-hawaiadda-aerial-innovations-private-limited1604851183
internshala,https://internshala.com/internship/detail/pcb-hardware-design-engineering-internship-in-multiple-locations-at-hawaiadda-aerial-innovations-private-limited1604851090
internshala,https://internshala.com/internship/detail/machine-design-engineering-internship-in-aurangabad-at-kirti-pressings-private-limited1604817613
internshala,https://internshala.com/internship/detail/project-engineering-mechanical-internship-in-noida-at-waste2compost1604747618
internshala,https://internshala.com/internship/detail/pixhawk-development-work-from-home-job-internship-at-breathe-digital1604746097
internshala,https://internshala.com/internship/detail/engineering-design-internship-in-surat-at-fruktville1604667412
internshala,https://internshala.com/internship/detail/robotics-facultyonline-work-from-home-job-internship-at-skyfi-education-labs-private-limited1604662060
internshala,https://internshala.com/internship/detail/mechanical-engineering-internship-in-delhi-at-greenleap-robotics-private-limited1604580362
internshala,https://internshala.com/internship/detail/mechanical-engineering-internship-in-multiple-locations-at-jetic-healthcare-private-limited-pepodeal1604579880
internshala,https://internshala.com/internship/detail/cad-design-internship-in-varanasi-at-acupace-technologies-private-limited1604559482
internshala,https://internshala.com/internship/detail/mechanical-engineering-internship-in-bangalore-at-sixth-element-furnishing-solutions-private-limited1604550661
internshala,https://internshala.com/internship/detail/mechanical-chemical-engineering-internship-in-phaltan-at-nimbkar-agricultural-research-institute1604549728
internshala,https://internshala.com/internship/detail/civil-mechanical-engineering-internship-in-gurgaon-at-agrasant-consulting1604495896
internshala,https://internshala.com/internship/detail/airframe-design-internship-in-chennai-at-aero3601604404398
internshala,https://internshala.com/internship/detail/autonomous-vehicle-software-engineering-internship-in-bangalore-at-veer-b-mahapatra1604462522
internshala,https://internshala.com/internship/detail/production-planning-control-internship-in-navi-mumbai-at-easyflo-polymer-engineers-private-limited1604401986
internshala,https://internshala.com/internship/detail/mechatronics-internship-in-chennai-at-vns-enviro-biotechq-private-limited1604380668
internshala,https://internshala.com/internship/detail/school-design-installation-internship-in-ballia-at-gyan-peethika-school1604388796
internshala,https://internshala.com/internship/detail/product-development-mechanical-part-time-job-internship-at-perungalathur-in-biosthira-private-limited1604384356
internshala,https://internshala.com/internship/detail/mechatronics-part-time-job-internship-at-ernakulam-kochi-in-aester-india-private-limited1604311182
internshala,https://internshala.com/internship/detail/test-ops-engineering-internship-in-bangalore-at-flux1604316885
internshala,https://internshala.com/internship/detail/engineering-design-internship-in-gurgaon-at-kochartech1604221664
internshala,https://internshala.com/internship/detail/electronics-engineering-internship-in-multiple-locations-at-automicrouas-aerotech-opc-private-limited1604130943
internshala,https://internshala.com/internship/detail/science-models-wind-sculptures-fabrication-internship-in-hyderabad-at-bookmark-projects-trust1604121584
internshala,https://internshala.com/internship/detail/architecture-work-from-home-job-internship-at-easy-nirman1604042351
internshala,https://internshala.com/internship/detail/hardware-engineering-work-from-home-job-internship-at-eden1604042213
internshala,https://internshala.com/internship/detail/production-engineering-internship-in-pune-at-hi-tech-supports-hangers-private-limited1604053592
internshala,https://internshala.com/internship/detail/product-development-internship-in-delhi-at-3dexter-education-private-limited1604042408
internshala,https://internshala.com/internship/detail/mechanical-engineering-internship-in-ahmedabad-at-darwyn1603972323
internshala,https://internshala.com/internship/detail/mechatronics-electric-motorcycle-research-and-development-internship-in-bangalore-at-voltronex-technologies-private-limited1603964109
internshala,https://internshala.com/internship/detail/design-engineering-mechanical-internship-in-noida-at-amogeo-ites-india-limited1603963981
internshala,https://internshala.com/internship/detail/mechanical-data-standardization-internship-in-visakhapatnam-at-praxsol-engineering-private-limited1603946163
internshala,https://internshala.com/internship/detail/mechanical-design-internship-in-hosur-at-titan-company-limited1604496868
internshala,https://internshala.com/internship/detail/subject-matter-expert-mechanical-engineering-work-from-home-job-internship-at-grey-spectra1604984901
internshala,https://internshala.com/internship/detail/apparel-production-internship-in-bangalore-at-jaza-software1604990352
internshala,https://internshala.com/internship/detail/mechanical-engineering-work-from-home-job-internship-at-deltroite-technologies-private-limited1604990016
internshala,https://internshala.com/internship/detail/mechanical-engineering-internship-in-delhi-at-ss-gas-lab-asia1604916816
internshala,https://internshala.com/internship/detail/mechanical-engineering-internship-in-navi-mumbai-at-sparco-spares-corporation1604913596
internshala,https://internshala.com/internship/detail/subject-matter-expert-mechanical-engineering-work-from-home-job-internship-at-dimentics-info-tech-private-limited1604912137
internshala,https://internshala.com/internship/detail/teaching-work-from-home-job-internship-at-qrioctybox1604858978
internshala,https://internshala.com/internship/detail/mechanical-design-engineering-internship-in-multiple-locations-at-hawaiadda-aerial-innovations-private-limited1604851183
internshala,https://internshala.com/internship/detail/pcb-hardware-design-engineering-internship-in-multiple-locations-at-hawaiadda-aerial-innovations-private-limited1604851090
internshala,https://internshala.com/internship/detail/machine-design-engineering-internship-in-aurangabad-at-kirti-pressings-private-limited1604817613
internshala,https://internshala.com/internship/detail/project-engineering-mechanical-internship-in-noida-at-waste2compost1604747618
internshala,https://internshala.com/internship/detail/pixhawk-development-work-from-home-job-internship-at-breathe-digital1604746097
internshala,https://internshala.com/internship/detail/engineering-design-internship-in-surat-at-fruktville1604667412
internshala,https://internshala.com/internship/detail/robotics-facultyonline-work-from-home-job-internship-at-skyfi-education-labs-private-limited1604662060
internshala,https://internshala.com/internship/detail/mechanical-engineering-internship-in-delhi-at-greenleap-robotics-private-limited1604580362
internshala,https://internshala.com/internship/detail/mechanical-engineering-internship-in-multiple-locations-at-jetic-healthcare-private-limited-pepodeal1604579880
internshala,https://internshala.com/internship/detail/cad-design-internship-in-varanasi-at-acupace-technologies-private-limited1604559482
internshala,https://internshala.com/internship/detail/mechanical-engineering-internship-in-bangalore-at-sixth-element-furnishing-solutions-private-limited1604550661
internshala,https://internshala.com/internship/detail/mechanical-chemical-engineering-internship-in-phaltan-at-nimbkar-agricultural-research-institute1604549728
internshala,https://internshala.com/internship/detail/civil-mechanical-engineering-internship-in-gurgaon-at-agrasant-consulting1604495896
internshala,https://internshala.com/internship/detail/airframe-design-internship-in-chennai-at-aero3601604404398
internshala,https://internshala.com/internship/detail/autonomous-vehicle-software-engineering-internship-in-bangalore-at-veer-b-mahapatra1604462522
internshala,https://internshala.com/internship/detail/production-planning-control-internship-in-navi-mumbai-at-easyflo-polymer-engineers-private-limited1604401986
internshala,https://internshala.com/internship/detail/mechatronics-internship-in-chennai-at-vns-enviro-biotechq-private-limited1604380668
internshala,https://internshala.com/internship/detail/school-design-installation-internship-in-ballia-at-gyan-peethika-school1604388796
internshala,https://internshala.com/internship/detail/product-development-mechanical-part-time-job-internship-at-perungalathur-in-biosthira-private-limited1604384356
internshala,https://internshala.com/internship/detail/mechatronics-part-time-job-internship-at-ernakulam-kochi-in-aester-india-private-limited1604311182
internshala,https://internshala.com/internship/detail/test-ops-engineering-internship-in-bangalore-at-flux1604316885
internshala,https://internshala.com/internship/detail/engineering-design-internship-in-gurgaon-at-kochartech1604221664
internshala,https://internshala.com/internship/detail/electronics-engineering-internship-in-multiple-locations-at-automicrouas-aerotech-opc-private-limited1604130943
internshala,https://internshala.com/internship/detail/science-models-wind-sculptures-fabrication-internship-in-hyderabad-at-bookmark-projects-trust1604121584
internshala,https://internshala.com/internship/detail/architecture-work-from-home-job-internship-at-easy-nirman1604042351
internshala,https://internshala.com/internship/detail/hardware-engineering-work-from-home-job-internship-at-eden1604042213
internshala,https://internshala.com/internship/detail/production-engineering-internship-in-pune-at-hi-tech-supports-hangers-private-limited1604053592
internshala,https://internshala.com/internship/detail/product-development-internship-in-delhi-at-3dexter-education-private-limited1604042408
internshala,https://internshala.com/internship/detail/mechanical-engineering-internship-in-ahmedabad-at-darwyn1603972323
internshala,https://internshala.com/internship/detail/mechatronics-electric-motorcycle-research-and-development-internship-in-bangalore-at-voltronex-technologies-private-limited1603964109
internshala,https://internshala.com/internship/detail/design-engineering-mechanical-internship-in-noida-at-amogeo-ites-india-limited1603963981
internshala,https://internshala.com/internship/detail/mechanical-data-standardization-internship-in-visakhapatnam-at-praxsol-engineering-private-limited1603946163
